pet_id,location_id,species,pet_name,age,color,gender,immunized,desexed,intake_date
1,2,cat,Dayna,17,spotted,Female,Y,N,2021-06-10
2,8,cat,James,2,spotted,Female,Y,Y,2021-05-24
3,1,cat,Lindsey,8,black,Female,N,Y,2021-03-16
4,8,cat,Moise,11,black,Male,Y,N,2020-11-17
5,10,cat,Heda,3,gray,Female,N,N,2021-03-04
6,6,cat,Portie,12,red,Male,Y,N,2021-06-21
7,9,cat,Karlens,3,gray,Male,Y,Y,2021-03-28
8,8,cat,Rafaellle,10,brown,Male,N,Y,2020-12-28
9,9,dog,Aimil,11,white,Female,N,Y,2020-11-05
10,1,cat,Claire,5,gray,Female,N,N,2021-01-30
11,8,dog,Haywood,8,gray,Female,N,N,2020-09-08
12,1,dog,Laurette,17,spotted,Male,N,Y,2020-10-14
13,10,cat,Odie,11,spotted,Female,N,N,2021-07-02
14,7,dog,Matthaeus,16,red,Female,Y,N,2020-10-23
15,1,dog,Tanner,3,red,Male,Y,Y,2021-01-08
16,8,dog,Tillie,5,gray,Male,Y,N,2021-01-15
17,5,dog,Kippie,10,spotted,Female,N,N,2021-05-20
18,9,dog,Ira,11,spotted,Male,Y,Y,2021-08-21
19,5,cat,Adrian,11,black,Female,Y,N,2020-12-24
20,4,dog,Brandy,17,brown,Female,Y,Y,2021-06-04
21,5,cat,Annabela,11,brown,Male,Y,N,2020-11-07
22,9,cat,Riane,12,black,Male,N,N,2021-03-04
23,10,dog,Renelle,11,spotted,Male,Y,Y,2021-05-29
24,7,cat,Nessy,9,gray,Female,Y,N,2020-10-24
25,1,cat,Elizabet,10,gray,Male,N,N,2020-12-02
26,8,cat,Annabelle,12,gray,Male,Y,Y,2020-11-08
27,4,cat,Dougy,17,gray,Female,N,N,2021-01-06
28,5,dog,Shep,5,brown,Male,Y,Y,2021-02-14
29,3,cat,Graeme,2,black,Male,N,N,2020-11-24
30,3,cat,Audra,13,spotted,Male,Y,N,2021-06-12
31,1,dog,Rivy,16,gray,Male,N,N,2021-04-16
32,7,cat,Gaston,4,white,Female,N,Y,2020-12-06
33,7,cat,Illa,15,gray,Female,N,Y,2021-06-04
34,8,cat,Aeriela,4,brown,Female,Y,N,2021-02-17
35,3,dog,Leesa,14,black,Female,Y,Y,2020-09-29
36,3,cat,Mandie,6,white,Female,Y,N,2020-09-20
37,1,cat,Lynsey,3,brown,Male,Y,N,2020-10-05
38,6,dog,Winthrop,17,red,Male,Y,N,2021-06-27
39,3,dog,Jo,6,black,Male,N,N,2021-05-04
40,9,dog,Hieronymus,7,spotted,Female,N,N,2020-12-12
41,8,dog,Noelyn,10,spotted,Male,N,N,2020-08-29
42,3,dog,Elston,18,brown,Male,Y,Y,2021-01-08
43,2,cat,Neville,10,brown,Female,N,Y,2021-01-22
44,6,cat,Muffin,20,brown,Female,Y,Y,2021-07-13
45,10,cat,Sydelle,6,gray,Female,Y,N,2020-12-19
46,8,dog,Kristy,11,red,Male,N,N,2021-07-02
47,1,cat,Faber,14,red,Male,N,Y,2020-12-04
48,5,cat,Rosabella,15,black,Male,Y,Y,2021-06-02
49,1,cat,Julio,13,white,Female,N,Y,2020-11-15
50,8,cat,Fayth,20,white,Female,Y,Y,2021-05-24
51,3,cat,Gibb,1,gray,Male,Y,Y,2021-01-08
52,2,cat,Aloise,9,red,Male,Y,N,2020-11-13
53,6,dog,Alexandr,8,brown,Male,Y,Y,2020-08-26
54,3,dog,Cathleen,12,brown,Female,Y,Y,2020-12-30
55,5,cat,Kayley,3,black,Male,N,Y,2021-01-27
56,9,cat,Celie,20,black,Female,Y,Y,2020-11-22
57,1,dog,Aldwin,11,spotted,Female,Y,N,2020-11-17
58,6,cat,Kimberlyn,4,spotted,Female,N,N,2020-09-03
59,6,dog,Carmelina,2,red,Female,N,Y,2020-10-20
60,7,dog,Mohammed,3,black,Female,Y,Y,2020-11-11
61,2,cat,Abbey,3,black,Female,Y,N,2021-04-07
62,6,dog,Harmony,7,white,Male,Y,N,2021-06-06
63,10,dog,Ashly,17,black,Female,N,Y,2020-08-27
64,6,cat,Vassili,11,gray,Female,Y,N,2021-06-11
65,10,cat,Casey,2,brown,Male,N,Y,2021-02-17
66,9,dog,Levy,18,brown,Female,Y,N,2021-08-12
67,10,dog,Paxton,5,red,Female,Y,N,2021-05-21
68,2,dog,Markos,7,brown,Female,Y,N,2021-04-19
69,2,dog,Trenna,12,brown,Male,N,Y,2021-07-27
70,7,dog,Haley,4,black,Male,N,Y,2021-04-30
71,4,cat,Catherin,20,gray,Male,Y,N,2021-01-11
72,5,cat,Charline,13,black,Female,N,Y,2021-06-06
73,8,cat,Harper,10,white,Female,Y,Y,2020-11-04
74,10,cat,Kerry,13,brown,Female,N,N,2020-12-12
75,2,cat,Tadeo,11,black,Male,Y,Y,2021-01-14
76,10,dog,Boycey,13,brown,Male,N,Y,2021-01-13
77,5,dog,Harriette,19,brown,Male,Y,Y,2020-09-04
78,10,cat,Ernestine,11,white,Female,N,N,2021-06-06
79,2,dog,Pacorro,18,red,Female,N,N,2020-09-24
80,4,cat,Pace,13,black,Male,N,N,2020-09-28
81,2,cat,Veda,14,red,Female,Y,N,2021-05-11
82,3,cat,Mathilde,1,white,Female,Y,Y,2021-07-27
83,8,dog,Veradis,17,black,Female,N,Y,2021-01-14
84,3,dog,Jerrie,2,white,Female,Y,N,2021-05-24
85,2,dog,Conrado,2,white,Male,Y,N,2020-11-10
86,1,cat,Clari,12,black,Female,N,Y,2020-11-21
87,9,cat,Elaine,11,brown,Male,Y,Y,2021-03-29
88,10,dog,Louella,1,spotted,Female,Y,Y,2021-01-13
89,2,dog,Vanni,14,black,Female,N,Y,2021-02-04
90,6,dog,Marlowe,18,spotted,Male,N,Y,2021-05-04
91,1,dog,Olympe,5,spotted,Male,N,N,2020-08-30
92,3,cat,Meredithe,12,brown,Female,N,Y,2021-06-02
93,3,dog,Quincy,13,gray,Female,N,N,2020-12-04
94,4,cat,Trenna,20,brown,Male,N,N,2020-11-06
95,2,dog,Eldridge,3,brown,Female,Y,Y,2020-09-21
96,9,cat,Juana,15,gray,Female,N,Y,2020-12-31
97,6,cat,Noemi,1,spotted,Female,N,Y,2021-06-02
98,4,cat,Riannon,6,spotted,Female,Y,N,2020-09-23
99,3,dog,Erv,9,red,Male,N,N,2021-01-04
100,10,cat,Giorgio,10,red,Female,N,N,2020-11-14
101,2,cat,Bern,18,white,Female,N,N,2020-12-12
102,4,cat,Montgomery,15,brown,Female,Y,N,2021-04-05
103,10,dog,Jayne,15,red,Male,N,N,2020-08-27
104,3,dog,Rossie,4,white,Female,N,N,2021-04-21
105,7,dog,Darryl,17,black,Female,Y,Y,2020-10-27
106,2,cat,Roanne,7,gray,Female,Y,N,2020-10-05
107,4,cat,Sylvan,6,white,Male,N,N,2021-04-01
108,7,cat,Rosita,14,spotted,Female,Y,N,2020-11-10
109,6,cat,Lynn,5,gray,Male,Y,N,2020-10-24
110,2,cat,Suki,12,gray,Male,Y,Y,2021-02-14
111,10,cat,Matty,19,black,Male,Y,Y,2021-08-04
112,6,cat,Lucas,4,white,Male,N,Y,2021-08-03
113,4,cat,Devlin,7,black,Female,Y,N,2020-12-20
114,6,dog,Dwight,4,white,Female,N,Y,2020-09-09
115,4,dog,Farly,5,white,Female,N,N,2021-01-31
116,8,cat,Ezequiel,11,spotted,Male,Y,Y,2021-06-09
117,6,cat,Caren,6,spotted,Male,N,N,2021-03-24
118,2,dog,Brocky,6,white,Male,N,Y,2020-08-30
119,8,cat,Netta,17,gray,Male,N,Y,2020-10-10
120,3,cat,Nehemiah,1,black,Male,N,N,2021-01-17
121,5,dog,Bondon,14,gray,Female,Y,N,2021-08-16
122,5,cat,Kaela,3,white,Female,N,Y,2021-08-07
123,9,cat,Berenice,16,black,Male,N,Y,2021-05-25
124,4,dog,Igor,16,gray,Male,Y,Y,2020-09-05
125,3,dog,Dolli,20,black,Female,Y,Y,2021-04-04
126,6,cat,Rosina,7,brown,Female,Y,N,2020-11-30
127,10,cat,Maurita,13,gray,Female,Y,Y,2021-06-14
128,8,cat,Hurley,12,black,Male,N,Y,2021-04-24
129,8,cat,Normy,3,black,Female,Y,N,2021-07-30
130,7,dog,Mollie,16,black,Male,N,N,2021-02-26
131,2,cat,Calida,11,spotted,Female,Y,N,2020-10-19
132,2,cat,Fowler,12,brown,Male,Y,Y,2021-06-18
133,5,dog,Sabrina,2,red,Female,N,Y,2021-05-02
134,9,dog,Tallie,17,black,Male,Y,Y,2021-08-04
135,2,cat,Elly,13,black,Female,Y,Y,2021-05-13
136,5,cat,Izzy,15,white,Male,N,N,2021-08-11
137,5,dog,Jacqui,11,brown,Male,Y,N,2020-09-09
138,5,cat,Hanni,10,black,Female,N,Y,2020-12-04
139,2,dog,Shanda,12,white,Female,Y,Y,2021-08-20
140,3,dog,Geneva,10,brown,Male,Y,Y,2020-09-07
141,2,cat,Klement,15,white,Female,N,N,2020-09-04
142,2,dog,Deina,13,gray,Male,N,Y,2021-06-19
143,10,cat,Essa,18,white,Male,N,Y,2020-11-10
144,10,dog,Alphonso,14,black,Male,Y,Y,2020-11-03
145,10,cat,Wells,9,gray,Female,N,N,2020-08-31
146,2,dog,Sayres,4,brown,Female,Y,Y,2021-06-13
147,7,cat,Lorri,2,red,Male,Y,Y,2021-06-22
148,10,cat,Clementine,11,brown,Male,N,N,2021-08-02
149,3,cat,Cordelia,2,brown,Female,N,N,2020-12-31
150,1,cat,Renae,1,red,Male,N,N,2021-06-22
151,7,dog,Meredeth,18,gray,Female,N,N,2021-06-30
152,3,dog,Dotti,17,white,Female,N,N,2021-04-13
153,2,dog,Oren,6,white,Female,Y,N,2021-04-01
154,8,dog,Lindi,8,gray,Female,N,N,2021-07-08
155,7,dog,Gweneth,11,black,Female,Y,N,2021-07-21
156,4,dog,Rosemarie,6,spotted,Male,N,N,2021-02-08
157,7,cat,Burty,18,gray,Female,Y,Y,2020-10-24
158,10,cat,Siffre,5,gray,Male,Y,Y,2020-09-17
159,8,dog,Culley,7,spotted,Male,Y,Y,2021-08-04
160,9,dog,Adolf,16,gray,Male,Y,N,2021-05-09
161,1,cat,Brina,7,black,Male,N,N,2021-07-26
162,4,cat,Judd,2,brown,Male,N,Y,2020-09-15
163,1,dog,Joni,6,white,Female,N,N,2021-04-16
164,7,dog,Haley,12,black,Female,Y,Y,2021-06-24
165,6,dog,Hana,11,black,Male,Y,Y,2021-08-22
166,1,dog,Derron,11,brown,Female,Y,Y,2020-12-09
167,10,cat,Cooper,13,white,Male,Y,Y,2021-01-12
168,1,dog,Vladimir,12,red,Male,Y,N,2020-09-25
169,2,cat,Mady,3,white,Male,Y,N,2021-01-08
170,6,cat,Shelley,12,gray,Male,N,Y,2020-10-08
171,8,cat,Merridie,2,brown,Female,N,N,2020-09-24
172,2,dog,Farlie,7,spotted,Female,N,N,2021-08-14
173,5,dog,Sid,3,black,Male,N,N,2020-10-10
174,1,dog,Linn,13,gray,Male,Y,Y,2021-03-06
175,1,cat,Orlan,14,brown,Female,Y,Y,2020-11-23
176,7,cat,Erinna,1,brown,Female,Y,N,2021-08-16
177,9,cat,Sawyere,2,red,Female,N,N,2021-07-20
178,2,dog,Aldis,10,red,Male,N,Y,2021-03-18
179,1,cat,Flossy,16,red,Female,N,Y,2020-11-01
180,3,dog,Yankee,12,gray,Male,N,Y,2021-06-17
181,5,dog,Hewitt,17,spotted,Female,N,N,2021-06-20
182,7,cat,Bria,17,gray,Female,N,N,2020-11-13
183,7,cat,Klara,16,gray,Female,N,Y,2020-11-07
184,7,cat,Sondra,11,brown,Male,N,N,2021-02-11
185,3,cat,Haskel,2,spotted,Female,N,N,2020-10-20
186,2,dog,Brunhilda,6,brown,Male,N,N,2021-08-08
187,10,dog,Consuela,13,black,Male,Y,N,2021-02-01
188,4,dog,Ximenes,6,spotted,Male,Y,N,2021-04-10
189,10,cat,Erich,12,spotted,Male,Y,Y,2020-09-09
190,2,cat,Randi,15,brown,Female,Y,N,2020-10-25
191,1,cat,Vida,17,brown,Female,N,Y,2020-11-16
192,4,cat,Uri,18,black,Female,Y,Y,2021-04-20
193,7,dog,Port,7,black,Female,N,N,2021-02-13
194,4,dog,Chrissie,18,white,Female,N,N,2021-01-21
195,7,cat,Virgil,13,brown,Female,N,N,2021-07-29
196,2,dog,Jeni,11,black,Male,Y,N,2021-01-14
197,9,dog,Verge,1,red,Male,Y,N,2021-01-19
198,7,dog,Tami,13,white,Male,N,N,2020-10-02
199,5,cat,Magdaia,19,brown,Male,Y,N,2020-10-17
200,9,dog,Lauryn,5,white,Female,N,Y,2020-09-07
201,10,dog,Olivia,19,brown,Female,Y,N,2021-04-15
202,6,dog,Paule,1,spotted,Male,N,Y,2021-06-28
203,3,dog,Coleen,18,white,Female,Y,N,2021-06-25
204,10,cat,Lurette,15,black,Male,Y,Y,2021-04-11
205,6,cat,Gregoor,10,gray,Female,Y,N,2020-09-05
206,2,cat,Rhea,4,gray,Female,N,N,2020-12-31
207,3,dog,Courtnay,17,black,Male,N,N,2020-08-31
208,7,dog,Eleanora,7,white,Male,N,N,2021-03-09
209,8,dog,Emelina,15,gray,Female,Y,N,2020-08-29
210,10,dog,Gertruda,11,brown,Female,Y,N,2020-11-07
211,2,cat,Wald,2,white,Male,N,N,2021-05-02
212,8,cat,Joletta,1,black,Female,Y,N,2021-04-25
213,4,cat,Eal,15,white,Female,N,N,2021-08-10
214,10,dog,Riley,5,spotted,Female,N,Y,2020-09-01
215,10,dog,Rhys,7,brown,Male,N,Y,2020-08-30
216,10,dog,Egbert,12,red,Female,N,Y,2021-08-22
217,8,dog,Briggs,16,black,Female,Y,Y,2020-11-12
218,9,dog,Evelyn,12,black,Male,Y,N,2021-06-19
219,4,dog,Jard,3,red,Male,Y,Y,2021-03-22
220,6,dog,Pancho,4,red,Female,Y,Y,2021-07-24
221,4,dog,Frederik,10,white,Female,N,Y,2021-01-22
222,8,dog,Ingar,18,black,Female,N,N,2021-04-11
223,3,dog,Jenica,4,spotted,Male,Y,Y,2020-12-07
224,8,cat,Enriqueta,3,brown,Male,Y,Y,2021-03-29
225,7,cat,Analise,19,spotted,Male,N,N,2021-03-09
226,8,cat,Cariotta,6,gray,Female,Y,N,2021-04-30
227,2,cat,Link,8,gray,Female,N,Y,2021-01-29
228,3,dog,Eliot,2,red,Male,N,Y,2021-03-15
229,1,dog,Almeta,6,spotted,Female,Y,Y,2020-09-21
230,4,cat,Ulric,3,spotted,Male,N,N,2021-01-20
231,5,cat,Leonelle,15,spotted,Female,N,Y,2021-05-19
232,8,cat,Kermie,6,spotted,Female,N,N,2020-12-04
233,1,dog,Sam,12,black,Female,Y,Y,2020-11-06
234,2,cat,Morgana,20,red,Male,N,Y,2020-11-25
235,5,dog,Beitris,16,red,Male,Y,Y,2020-09-19
236,9,dog,Weston,9,white,Female,Y,Y,2021-06-19
237,9,cat,Gunter,13,black,Female,N,N,2021-02-19
238,1,cat,Monti,17,red,Male,N,N,2021-07-15
239,7,dog,Marianna,14,black,Female,N,N,2021-03-27
240,1,cat,Essa,7,gray,Male,N,N,2021-04-25
241,6,cat,Shalne,20,spotted,Female,Y,N,2021-08-09
242,5,cat,Marven,12,white,Male,N,Y,2021-02-10
243,7,cat,Talbot,12,brown,Female,Y,Y,2021-04-02
244,7,cat,Carrol,15,spotted,Female,Y,Y,2021-02-27
245,5,dog,Zelig,3,red,Female,Y,Y,2021-06-10
246,1,dog,Maxie,6,brown,Female,N,Y,2021-01-06
247,5,dog,Jaimie,11,spotted,Female,N,Y,2021-04-30
248,1,cat,Kile,9,gray,Male,Y,N,2021-05-11
249,4,cat,Kelvin,13,black,Female,N,Y,2021-01-06
250,5,cat,Gerianne,20,gray,Female,Y,Y,2020-10-20
251,1,dog,Kinsley,6,brown,Female,Y,Y,2021-02-10
252,3,cat,Bevan,19,gray,Female,N,Y,2021-05-20
253,9,cat,Derby,4,spotted,Male,Y,Y,2020-08-31
254,5,dog,Marten,20,brown,Female,Y,Y,2020-10-13
255,7,dog,Gabriello,12,spotted,Female,N,Y,2020-11-01
256,6,dog,Jed,2,spotted,Female,N,N,2021-03-09
257,8,cat,Payton,1,spotted,Female,N,Y,2021-05-10
258,7,cat,Jaine,15,brown,Female,N,Y,2021-05-24
259,3,dog,Jackelyn,15,red,Male,Y,N,2020-10-05
260,6,cat,Pembroke,18,brown,Male,N,N,2021-03-24
261,3,cat,Cariotta,8,white,Male,N,N,2021-08-18
262,1,dog,Quinta,10,red,Female,Y,N,2021-08-13
263,9,cat,Zollie,1,gray,Male,Y,N,2021-01-28
264,8,cat,Rose,20,spotted,Female,Y,N,2021-02-17
265,3,cat,Alfi,16,brown,Male,N,Y,2021-03-11
266,10,dog,Melli,11,spotted,Female,N,Y,2021-06-15
267,4,dog,Celine,13,black,Male,Y,N,2021-05-22
268,2,cat,Davon,5,white,Female,Y,N,2021-06-25
269,9,cat,Franny,5,red,Female,N,Y,2021-01-11
270,5,dog,Rheba,5,black,Female,Y,Y,2021-07-24
271,9,cat,Matti,3,spotted,Male,Y,N,2020-10-01
272,8,cat,Cathe,13,black,Male,Y,N,2021-06-25
273,10,dog,Francoise,3,white,Male,N,Y,2021-02-08
274,9,dog,Ceciley,19,gray,Male,N,Y,2020-11-29
275,7,dog,Dorisa,15,brown,Female,N,Y,2020-11-08
276,7,dog,Job,8,red,Male,N,Y,2021-06-11
277,4,cat,Olive,5,brown,Male,Y,Y,2020-11-13
278,6,dog,Liza,6,gray,Male,Y,Y,2021-04-19
279,9,dog,Lorant,2,brown,Male,N,N,2021-05-15
280,5,cat,Bertrando,9,brown,Female,N,Y,2021-01-21
281,4,cat,Dyana,17,spotted,Male,Y,Y,2021-02-04
282,5,cat,Cosetta,19,spotted,Male,N,Y,2020-10-23
283,10,dog,Kirsten,20,black,Male,N,Y,2021-07-28
284,2,dog,Aigneis,9,black,Female,Y,N,2021-07-05
285,9,cat,Howard,9,white,Male,Y,Y,2020-12-07
286,2,cat,Dari,11,brown,Male,Y,N,2021-04-03
287,3,dog,Corine,16,spotted,Male,N,N,2021-04-16
288,5,dog,Quincy,12,red,Male,N,Y,2021-07-24
289,3,dog,Mycah,8,spotted,Female,N,N,2020-09-20
290,8,cat,Delmore,2,red,Male,Y,N,2021-08-02
291,2,dog,Iggie,20,brown,Male,Y,Y,2020-09-23
292,7,cat,Garnet,10,red,Female,N,N,2021-04-12
293,1,dog,Serene,18,white,Female,N,Y,2021-04-24
294,3,dog,Sabrina,10,gray,Male,Y,N,2021-05-31
295,7,cat,Etta,10,brown,Male,Y,Y,2021-03-01
296,9,cat,Tracy,18,gray,Female,N,Y,2021-04-11
297,7,dog,Lorianne,7,red,Male,Y,Y,2021-01-25
298,7,dog,Mersey,7,gray,Male,Y,N,2020-12-02
299,10,cat,Valentijn,2,gray,Male,N,N,2021-08-21
300,4,dog,Glynis,9,black,Female,N,Y,2021-08-15
301,10,cat,Lowell,10,white,Female,Y,Y,2020-09-15
302,1,dog,Garwood,6,white,Female,N,N,2020-09-16
303,2,cat,Antonietta,12,red,Female,Y,N,2020-10-10
304,5,dog,Murdoch,13,white,Male,N,Y,2021-01-12
305,8,cat,Zacharia,14,spotted,Female,Y,N,2021-08-15
306,8,cat,Stefano,8,gray,Female,Y,N,2021-07-24
307,8,dog,Preston,8,white,Female,Y,N,2020-10-09
308,7,cat,Sadie,16,red,Female,Y,N,2021-05-12
309,3,cat,Jethro,9,red,Female,Y,Y,2021-08-07
310,3,dog,Hort,15,brown,Female,Y,Y,2020-11-14
311,7,cat,Dieter,11,spotted,Male,Y,Y,2021-04-06
312,7,dog,Blayne,15,white,Male,Y,N,2021-01-10
313,6,cat,Saunderson,20,spotted,Female,N,N,2021-03-20
314,2,cat,Brendan,8,red,Female,N,Y,2021-01-07
315,4,dog,Berkly,6,spotted,Male,N,N,2020-12-24
316,9,cat,Esteban,17,brown,Male,Y,N,2020-12-24
317,2,dog,Raddy,4,red,Female,N,N,2021-04-27
318,4,dog,Jaquenetta,10,gray,Female,N,N,2020-12-16
319,10,dog,Oran,4,red,Male,Y,Y,2020-11-20
320,9,dog,Wang,1,white,Male,Y,N,2021-02-12
321,8,dog,Latrena,13,brown,Male,N,Y,2021-02-10
322,4,dog,Gilberte,16,red,Female,Y,N,2021-06-25
323,10,dog,Bambie,18,gray,Female,N,Y,2021-03-25
324,5,cat,Jobye,14,brown,Male,N,Y,2021-06-18
325,6,cat,Carlita,19,spotted,Female,Y,Y,2021-06-24
326,10,dog,Regen,18,black,Male,Y,N,2020-09-25
327,1,dog,Saxe,12,white,Female,Y,N,2020-10-01
328,9,dog,Garrett,15,spotted,Male,Y,Y,2021-04-06
329,6,cat,Freeland,7,black,Male,Y,N,2021-04-11
330,4,dog,Bab,2,brown,Female,N,N,2020-09-20
331,8,cat,Evelyn,20,white,Female,Y,Y,2021-05-26
332,2,cat,Hy,11,red,Male,Y,N,2021-03-23
333,4,cat,Jess,19,black,Male,Y,Y,2021-05-28
334,3,dog,Rosemarie,14,black,Male,N,Y,2021-06-02
335,6,cat,Arlyn,9,brown,Male,N,Y,2020-12-04
336,4,dog,Coleen,8,white,Female,N,N,2020-10-19
337,5,cat,Alika,4,red,Female,Y,Y,2021-06-30
338,2,dog,Domeniga,7,brown,Female,N,N,2021-02-03
339,1,cat,Nikaniki,4,spotted,Female,N,Y,2020-12-13
340,4,cat,Ailis,14,spotted,Male,N,Y,2021-03-01
341,4,cat,Elianora,17,white,Female,N,Y,2021-06-12
342,8,dog,Toinette,7,white,Male,N,N,2021-04-08
343,2,cat,Trina,19,brown,Male,N,Y,2021-08-10
344,9,cat,Alaster,9,black,Female,N,Y,2020-11-28
345,2,cat,Arlinda,1,white,Male,N,Y,2020-12-18
346,10,cat,Knox,8,red,Male,N,Y,2021-01-23
347,6,dog,Siouxie,6,spotted,Female,N,Y,2021-01-30
348,5,cat,Rufus,7,red,Male,N,N,2020-12-25
349,7,dog,Vallie,14,red,Female,N,N,2021-08-09
350,7,dog,Cate,16,spotted,Male,N,N,2021-04-15
351,2,dog,Gayla,9,black,Female,Y,N,2020-12-01
352,1,dog,Christiana,1,black,Male,N,Y,2020-09-12
353,2,dog,Gerladina,8,black,Male,Y,Y,2021-02-27
354,9,dog,Jose,6,red,Female,N,N,2021-06-04
355,9,cat,Alister,6,black,Female,N,Y,2021-05-08
356,3,cat,Daryl,11,red,Female,Y,Y,2021-03-31
357,6,cat,Brandea,7,brown,Female,N,Y,2021-06-01
358,2,dog,Lauretta,8,spotted,Male,Y,N,2020-09-08
359,6,dog,Ashely,16,black,Female,Y,Y,2021-01-30
360,5,cat,Neal,13,red,Female,N,Y,2021-04-05
361,9,dog,Davin,4,white,Male,Y,N,2020-10-26
362,6,cat,Fanchon,12,white,Male,Y,N,2020-12-26
363,10,cat,Tam,7,gray,Male,Y,N,2020-10-26
364,10,cat,Terrie,7,brown,Male,Y,Y,2020-09-20
365,1,cat,Electra,1,gray,Female,Y,N,2021-04-09
366,5,dog,Edi,13,gray,Female,Y,N,2020-12-22
367,10,cat,Nolly,4,spotted,Female,N,Y,2020-11-10
368,10,dog,Laverne,16,brown,Male,N,N,2021-08-05
369,5,dog,Bond,3,brown,Male,N,N,2021-06-01
370,5,dog,Gerhardt,4,spotted,Female,Y,N,2021-01-16
371,5,dog,Mia,14,brown,Female,N,N,2021-05-28
372,8,dog,Godiva,15,black,Female,N,Y,2021-07-17
373,9,dog,Tiffani,6,white,Female,Y,N,2020-09-17
374,5,dog,Khalil,13,gray,Female,N,N,2020-11-21
375,8,dog,Saundra,8,black,Female,N,N,2020-09-16
376,9,cat,Kass,13,red,Male,Y,Y,2020-11-05
377,9,cat,Jabez,3,gray,Female,Y,Y,2020-12-03
378,10,dog,Jerry,4,white,Male,N,Y,2021-06-06
379,3,dog,Callean,3,red,Male,Y,N,2021-03-18
380,2,dog,Demetre,4,white,Female,Y,Y,2021-03-02
381,10,dog,Winona,18,black,Male,N,Y,2021-05-07
382,10,cat,Paola,4,black,Female,Y,Y,2021-03-14
383,5,dog,Port,9,brown,Male,Y,Y,2021-02-08
384,8,cat,Gaven,9,red,Female,N,N,2020-12-26
385,3,cat,Winna,4,white,Male,Y,N,2021-01-16
386,7,dog,Toma,17,brown,Female,N,N,2021-05-10
387,5,dog,Brian,14,gray,Male,N,N,2021-01-16
388,7,cat,Gran,5,red,Male,N,N,2020-12-02
389,4,dog,Tessi,16,gray,Male,N,Y,2020-09-26
390,4,dog,Franciskus,1,white,Female,N,N,2021-04-14
391,3,cat,Arabele,9,black,Male,Y,Y,2021-06-16
392,10,cat,Livvyy,11,red,Female,N,Y,2021-04-05
393,2,dog,Chickie,20,brown,Male,Y,N,2021-02-22
394,4,cat,Ana,5,spotted,Male,N,N,2020-09-11
395,7,cat,Weidar,6,brown,Female,N,Y,2021-07-02
396,4,dog,Brianne,16,gray,Male,N,N,2021-07-14
397,10,dog,Neilla,17,spotted,Male,Y,N,2021-07-16
398,2,dog,Mabelle,2,white,Male,N,Y,2021-03-31
399,9,cat,Marcelia,11,red,Male,N,N,2021-07-07
400,1,dog,Gustavus,4,gray,Female,Y,N,2020-10-31
401,9,dog,Mabelle,12,black,Male,N,Y,2020-08-30
402,5,cat,Gabi,18,gray,Female,N,Y,2020-10-11
403,8,dog,Lindsay,10,black,Female,Y,N,2021-02-02
404,4,dog,Bianca,19,spotted,Female,Y,N,2020-11-29
405,6,cat,Orel,20,red,Male,Y,Y,2021-07-07
406,6,dog,Stacie,5,gray,Male,N,N,2021-03-31
407,4,cat,Corbin,12,spotted,Male,N,N,2020-12-26
408,6,dog,Nelia,11,brown,Male,Y,N,2020-09-26
409,5,cat,Lindsay,9,white,Male,Y,Y,2021-08-01
410,8,dog,Rosemary,9,black,Female,Y,Y,2021-02-07
411,2,dog,Elia,19,white,Male,Y,Y,2021-02-11
412,9,dog,Weidar,9,brown,Male,N,N,2020-11-20
413,10,cat,Pammy,9,white,Female,N,N,2021-01-22
414,10,dog,George,16,black,Female,Y,N,2021-07-11
415,4,dog,Marijn,3,brown,Male,Y,N,2021-08-07
416,4,dog,Christophe,13,brown,Female,Y,Y,2021-01-02
417,9,dog,Raphael,10,gray,Female,Y,N,2021-02-02
418,7,dog,Brock,16,black,Female,Y,N,2021-08-04
419,3,dog,Petronella,9,black,Male,Y,Y,2021-07-18
420,6,dog,Guntar,19,brown,Male,N,N,2021-08-24
421,7,cat,Ynez,7,gray,Female,N,N,2021-03-07
422,10,cat,Agatha,8,black,Male,Y,Y,2021-01-27
423,6,dog,Vernor,7,black,Male,N,N,2021-02-21
424,3,cat,Rubina,1,black,Female,Y,N,2021-08-11
425,8,dog,Hestia,11,white,Female,N,N,2020-10-06
426,5,cat,Cordie,12,spotted,Female,Y,Y,2021-02-14
427,4,dog,Jennine,10,white,Male,Y,N,2021-01-24
428,6,dog,Mamie,10,brown,Female,N,Y,2021-06-08
429,6,cat,Chlo,17,gray,Male,Y,Y,2020-10-14
430,3,dog,Judie,20,brown,Female,Y,N,2020-08-30
431,7,dog,Tobye,13,white,Male,N,Y,2020-12-28
432,3,dog,Suzy,17,red,Female,Y,N,2020-09-05
433,3,cat,Kenton,3,brown,Male,Y,N,2021-07-13
434,9,dog,Vivian,12,gray,Female,Y,N,2021-04-05
435,10,dog,Lindy,5,gray,Male,N,Y,2021-05-27
436,5,cat,Tyne,3,black,Male,N,N,2021-04-05
437,6,dog,Thibaut,14,red,Male,N,Y,2021-05-21
438,10,dog,Thia,14,black,Female,N,Y,2020-11-24
439,2,cat,Davis,9,spotted,Male,N,N,2021-08-17
440,7,dog,Nanny,9,brown,Female,N,N,2020-10-17
441,2,dog,Jewel,2,black,Female,N,Y,2020-09-11
442,6,cat,Liana,15,black,Female,Y,Y,2020-11-18
443,10,cat,Mallory,12,white,Male,Y,N,2021-05-20
444,2,dog,Slade,20,black,Female,N,N,2021-02-05
445,5,cat,Sonnie,2,gray,Male,N,N,2021-01-05
446,7,dog,Ibbie,20,white,Male,Y,Y,2021-05-18
447,9,cat,Grover,10,black,Female,Y,Y,2021-01-02
448,4,cat,Chauncey,4,black,Male,N,Y,2021-02-03
449,8,cat,Nollie,19,black,Female,N,Y,2021-08-24
450,9,dog,Marlie,18,spotted,Male,Y,Y,2021-03-29
451,6,dog,Clair,6,white,Male,Y,N,2021-07-12
452,9,dog,Mel,7,brown,Male,N,Y,2021-02-22
453,2,dog,Kristi,19,brown,Male,N,N,2021-01-07
454,1,dog,Murielle,20,black,Female,N,N,2020-12-25
455,9,dog,Sheila-kathryn,16,gray,Female,Y,N,2021-07-01
456,6,cat,Hatti,20,gray,Female,N,Y,2021-08-04
457,1,dog,Carroll,14,white,Female,N,Y,2020-10-02
458,8,dog,Vincenz,6,brown,Female,Y,Y,2021-01-06
459,8,cat,Warren,18,brown,Female,N,N,2021-01-17
460,5,dog,Oliy,3,spotted,Male,N,N,2020-11-16
461,9,dog,Babbie,18,white,Female,N,N,2020-11-01
462,1,cat,Lyn,19,black,Male,N,Y,2021-03-02
463,2,cat,Lesya,15,brown,Female,Y,Y,2020-09-20
464,1,cat,Hildegarde,17,white,Male,N,N,2020-12-26
465,7,cat,Randal,12,brown,Female,N,N,2020-08-31
466,2,cat,Dorice,16,spotted,Male,N,Y,2020-09-01
467,2,dog,Salaidh,8,spotted,Female,Y,Y,2021-01-06
468,2,cat,Hewett,12,brown,Female,N,Y,2021-06-15
469,6,dog,Frederik,9,white,Male,N,Y,2021-07-04
470,1,dog,Phillip,9,red,Male,Y,N,2021-06-16
471,5,cat,Yorgo,8,red,Male,Y,Y,2021-08-10
472,7,dog,Juliann,12,brown,Male,N,N,2021-07-07
473,8,cat,Vi,18,black,Female,Y,N,2021-03-04
474,7,dog,Brade,4,gray,Male,Y,N,2020-10-23
475,9,dog,Brigg,20,gray,Female,Y,N,2021-07-28
476,9,dog,Nahum,16,black,Female,N,N,2021-05-02
477,2,dog,Heinrik,18,black,Female,N,Y,2021-06-30
478,8,cat,Solly,15,black,Female,N,Y,2021-06-30
479,4,dog,Shel,4,white,Female,Y,N,2020-10-18
480,6,cat,Candace,16,brown,Male,Y,Y,2021-01-15
481,3,cat,Hank,13,gray,Female,Y,N,2020-12-17
482,10,dog,Aymer,10,white,Female,N,Y,2021-04-16
483,5,dog,Kassey,19,spotted,Male,N,Y,2021-02-22
484,8,dog,King,16,red,Male,N,Y,2020-10-29
485,9,dog,Neala,17,gray,Female,Y,Y,2020-10-31
486,2,dog,Zabrina,7,brown,Female,Y,Y,2020-11-26
487,2,dog,Alejandro,14,brown,Female,N,Y,2020-11-28
488,7,cat,Dennison,12,brown,Female,Y,N,2020-11-01
489,2,dog,Honoria,18,gray,Female,Y,Y,2021-04-04
490,4,dog,Sharona,14,gray,Female,N,N,2021-02-22
491,8,dog,Codie,8,brown,Female,N,Y,2020-11-19
492,2,dog,Colet,13,black,Female,Y,N,2021-03-21
493,5,cat,Aubrey,4,black,Male,N,N,2021-03-21
494,5,cat,Justis,10,gray,Male,Y,Y,2020-09-13
495,6,dog,Carry,18,white,Female,N,N,2021-04-14
496,2,cat,Clerissa,7,red,Male,Y,N,2021-04-28
497,6,cat,Lorelei,17,spotted,Female,Y,N,2021-01-03
498,4,cat,Vachel,18,black,Female,Y,Y,2020-10-18
499,9,cat,Caldwell,1,black,Female,N,N,2021-02-10
500,7,cat,Alard,3,red,Female,Y,Y,2020-12-31
501,4,dog,Bar,16,white,Female,Y,Y,2021-06-16
502,4,cat,Althea,20,black,Female,N,Y,2021-08-19
503,2,cat,Ingrim,13,black,Male,N,Y,2020-09-30
504,4,cat,Chevy,16,red,Female,Y,N,2020-10-23
505,9,dog,Milka,8,white,Female,N,N,2021-04-12
506,7,cat,Mariette,14,white,Male,N,Y,2021-01-12
507,8,cat,Kamila,13,gray,Male,Y,Y,2021-07-28
508,1,cat,Nicholle,10,brown,Female,N,Y,2021-07-26
509,8,dog,Cass,13,spotted,Male,N,N,2021-04-17
510,6,dog,Viviyan,4,gray,Male,N,N,2021-04-08
511,7,cat,Zarla,6,spotted,Male,Y,N,2021-04-14
512,6,cat,Aland,2,brown,Male,Y,Y,2021-05-06
513,8,cat,Erma,5,white,Male,Y,N,2020-09-08
514,5,cat,Thatch,16,brown,Female,N,N,2021-03-04
515,6,dog,Sidonia,4,white,Male,Y,N,2021-05-01
516,4,dog,Shawna,3,red,Female,Y,Y,2021-04-21
517,4,cat,Reta,15,black,Male,Y,N,2020-09-20
518,5,dog,Mirabelle,15,spotted,Male,N,Y,2021-05-01
519,8,cat,Wesley,14,gray,Male,Y,Y,2021-02-09
520,9,dog,Paula,15,white,Female,Y,N,2021-03-13
521,8,dog,Ole,19,spotted,Female,N,Y,2021-04-12
522,9,cat,Sergeant,19,white,Male,Y,N,2021-08-13
523,4,dog,Brodie,6,black,Male,N,Y,2020-09-03
524,3,dog,Simonne,2,brown,Female,Y,N,2020-11-12
525,7,dog,Giuseppe,8,white,Female,N,N,2020-11-28
526,5,cat,Brett,20,gray,Male,N,N,2021-05-08
527,6,cat,Pacorro,17,brown,Female,N,Y,2020-09-21
528,7,cat,Izzy,17,gray,Male,Y,Y,2021-05-20
529,4,cat,Lucas,15,spotted,Male,Y,N,2021-05-04
530,1,cat,Kala,4,spotted,Female,N,N,2021-03-12
531,6,cat,Gussie,4,spotted,Male,Y,N,2020-09-08
532,8,dog,Frederik,3,red,Female,Y,Y,2021-02-01
533,5,dog,Ella,18,spotted,Male,N,N,2021-04-04
534,1,dog,Silvie,9,red,Male,N,Y,2020-11-24
535,3,cat,Shaine,18,white,Female,Y,Y,2020-08-31
536,4,dog,Paola,19,red,Male,N,N,2020-11-28
537,4,cat,Koralle,10,gray,Male,Y,Y,2021-05-29
538,9,cat,Valentine,12,gray,Male,N,N,2021-07-22
539,8,dog,Joyous,18,brown,Female,N,Y,2021-03-07
540,7,cat,Sybille,20,brown,Male,Y,N,2020-12-21
541,5,cat,Blair,16,black,Female,N,Y,2021-06-27
542,7,dog,Roma,2,red,Male,Y,N,2020-10-22
543,9,dog,Analise,13,white,Male,Y,Y,2021-02-11
544,4,dog,Peg,20,gray,Female,Y,Y,2021-08-09
545,6,cat,Wesley,15,spotted,Female,Y,N,2020-11-24
546,10,dog,Glory,20,red,Male,Y,N,2021-06-11
547,4,cat,Aluino,8,gray,Male,N,Y,2020-10-03
548,4,cat,Dorey,20,black,Male,Y,Y,2021-03-29
549,10,dog,Mitchael,9,gray,Male,Y,N,2021-07-12
550,8,cat,Jone,6,white,Male,N,Y,2021-07-27
551,9,cat,Fanechka,8,gray,Male,Y,Y,2021-03-28
552,3,cat,Tomi,13,black,Female,Y,N,2021-07-01
553,6,dog,Delila,2,black,Male,Y,Y,2021-04-12
554,8,dog,Alwyn,10,black,Female,N,Y,2021-05-04
555,5,dog,Loralee,2,spotted,Female,Y,Y,2020-10-23
556,3,cat,Adolph,8,white,Male,N,N,2021-04-01
557,8,dog,Tina,11,spotted,Male,Y,N,2021-07-08
558,1,dog,Nanine,3,white,Female,N,Y,2021-06-26
559,7,cat,Liliane,6,gray,Female,Y,Y,2021-08-04
560,4,dog,Sonia,2,spotted,Male,N,Y,2021-08-17
561,6,dog,Morly,16,red,Female,N,N,2020-09-29
562,5,cat,Minnie,9,white,Male,N,N,2021-03-31
563,7,dog,Gerhardt,17,black,Male,Y,Y,2020-10-12
564,9,dog,Konstanze,17,black,Male,N,N,2021-03-15
565,6,cat,Wilhelm,15,spotted,Female,Y,Y,2021-02-23
566,5,dog,Maximilianus,8,white,Female,Y,N,2021-08-24
567,10,cat,Esme,16,white,Female,Y,N,2021-04-30
568,2,cat,Kriste,8,gray,Female,Y,Y,2021-02-23
569,4,cat,Betteanne,20,black,Male,Y,Y,2021-02-25
570,6,cat,Robby,11,black,Male,N,N,2021-07-05
571,1,cat,Yorke,3,brown,Male,N,N,2021-06-27
572,1,cat,Sander,18,white,Male,N,N,2020-09-03
573,9,cat,Spencer,16,black,Female,Y,Y,2021-01-11
574,7,cat,Josselyn,7,brown,Female,Y,N,2020-12-24
575,5,cat,Elspeth,20,black,Female,Y,Y,2020-10-22
576,10,dog,Caria,11,spotted,Male,Y,N,2021-08-07
577,5,cat,Enoch,2,brown,Female,Y,Y,2020-11-19
578,5,cat,Sydney,1,brown,Male,N,Y,2020-12-18
579,2,cat,Zeb,18,white,Male,N,N,2021-07-22
580,5,dog,Leanor,7,spotted,Male,Y,Y,2021-05-06
581,7,dog,Dale,9,spotted,Female,N,N,2021-03-26
582,1,cat,Kelly,3,white,Male,N,Y,2020-09-30
583,1,dog,Georgina,19,brown,Male,N,Y,2021-03-05
584,4,dog,Shela,1,white,Female,Y,N,2021-08-19
585,2,cat,Brion,5,brown,Female,N,Y,2020-11-03
586,3,cat,Stirling,4,red,Female,N,N,2020-09-24
587,2,cat,Darcy,12,brown,Male,N,Y,2020-12-10
588,8,cat,Kaspar,19,gray,Male,Y,N,2021-07-08
589,4,dog,Charita,9,gray,Female,N,N,2021-02-09
590,1,cat,Lauritz,2,white,Male,N,Y,2021-01-22
591,10,cat,Shelli,1,gray,Female,Y,Y,2021-02-11
592,3,dog,Major,13,white,Female,N,Y,2020-09-20
593,6,cat,Emery,12,brown,Female,Y,N,2021-08-14
594,1,cat,Tailor,10,spotted,Female,Y,N,2020-09-25
595,6,cat,Nata,13,white,Female,N,Y,2021-05-22
596,9,cat,Garik,20,spotted,Male,Y,Y,2021-03-19
597,2,cat,Nannette,15,white,Male,N,N,2021-05-10
598,4,dog,Athena,1,white,Male,N,N,2020-11-03
599,3,cat,Anderea,19,brown,Male,N,N,2021-01-03
600,1,cat,Roi,7,red,Male,N,N,2021-01-04
601,6,dog,Bertha,5,gray,Female,N,N,2021-08-20
602,10,cat,Faith,18,red,Female,Y,Y,2021-07-10
603,4,dog,Charisse,7,spotted,Male,Y,N,2021-06-16
604,10,dog,Frazer,15,red,Male,N,N,2020-09-10
605,3,cat,Ambrosius,10,red,Male,N,Y,2021-07-20
606,1,dog,Hyacinth,16,gray,Female,Y,N,2020-11-10
607,6,cat,Rog,14,gray,Male,Y,N,2020-09-22
608,1,dog,Ray,20,black,Male,N,N,2021-06-15
609,5,cat,Salome,12,white,Female,Y,N,2020-10-09
610,8,cat,Venita,16,spotted,Male,N,Y,2020-10-10
611,4,cat,Mariya,8,spotted,Male,Y,N,2021-06-10
612,4,cat,Wernher,17,red,Female,Y,N,2021-05-08
613,4,dog,Arlinda,2,red,Male,N,N,2020-11-04
614,5,dog,Vergil,6,white,Female,Y,Y,2021-07-02
615,8,dog,Leland,7,spotted,Male,N,N,2020-11-18
616,4,cat,Orelia,2,brown,Female,N,Y,2020-09-30
617,6,cat,Zonnya,13,white,Female,N,Y,2021-06-17
618,2,cat,Alexandre,12,black,Male,N,N,2021-05-10
619,10,cat,Lester,11,white,Male,Y,N,2020-09-20
620,3,cat,Pedro,10,gray,Male,Y,Y,2021-06-26
621,2,cat,Alia,9,white,Female,Y,N,2021-04-26
622,2,cat,Jeremy,5,brown,Female,Y,Y,2021-02-12
623,6,dog,Pattie,14,gray,Female,N,Y,2021-04-29
624,4,dog,Bogey,15,spotted,Female,N,Y,2021-03-19
625,4,cat,Marylynne,3,black,Male,Y,Y,2021-06-28
626,9,dog,Eada,8,gray,Male,Y,N,2021-07-16
627,4,dog,Kipp,2,gray,Male,Y,N,2021-08-16
628,9,cat,Finley,8,white,Female,N,N,2021-02-09
629,6,cat,Jamesy,16,red,Female,Y,N,2020-11-15
630,1,cat,Neddy,8,red,Female,N,Y,2021-02-17
631,8,dog,Adria,7,black,Male,N,Y,2021-07-16
632,10,dog,Fleming,19,white,Female,Y,N,2020-12-11
633,7,cat,Tanya,13,gray,Male,Y,Y,2020-12-06
634,4,dog,Maynord,16,white,Male,Y,Y,2021-05-08
635,1,dog,Matthiew,13,black,Male,Y,Y,2020-12-25
636,7,cat,Ramsey,6,brown,Male,N,N,2021-04-10
637,2,dog,Vonny,3,spotted,Female,N,Y,2021-08-12
638,5,dog,Cathryn,5,white,Male,Y,N,2020-12-29
639,10,cat,Shirlee,13,brown,Male,N,N,2021-01-15
640,10,dog,Dennet,13,brown,Female,N,N,2021-06-20
641,8,dog,Dasha,11,spotted,Female,Y,N,2021-06-24
642,5,cat,Saudra,7,gray,Female,Y,N,2020-09-08
643,6,dog,Samaria,9,red,Male,N,N,2020-11-24
644,9,dog,Nikolai,14,red,Male,Y,N,2021-03-25
645,3,dog,Melisa,4,brown,Female,N,Y,2020-09-05
646,10,dog,Emily,12,brown,Male,Y,N,2021-07-30
647,10,cat,Madelaine,2,white,Female,N,Y,2021-05-30
648,6,dog,Thurstan,9,black,Male,Y,N,2020-09-21
649,2,dog,Dorise,5,brown,Male,N,N,2021-07-17
650,4,cat,Arty,7,gray,Male,Y,N,2021-05-16
651,7,cat,Melisent,1,black,Female,Y,Y,2020-10-25
652,10,cat,Bridie,6,brown,Male,Y,N,2021-07-27
653,4,dog,Mallory,3,spotted,Female,Y,N,2021-03-08
654,7,cat,Ola,14,black,Male,Y,N,2021-06-15
655,5,dog,Oliviero,7,red,Female,N,Y,2020-11-17
656,2,cat,Geordie,19,gray,Female,N,N,2020-12-03
657,10,cat,Mack,9,black,Male,Y,N,2020-12-07
658,5,cat,Zsazsa,1,white,Male,N,Y,2020-09-16
659,6,dog,Taite,5,gray,Female,N,N,2021-03-02
660,2,cat,York,15,spotted,Female,N,Y,2021-06-08
661,6,cat,Nestor,12,white,Female,N,N,2021-06-02
662,8,dog,Robbie,19,gray,Male,N,N,2021-07-07
663,3,cat,Astrix,3,white,Female,N,Y,2021-08-16
664,9,dog,Dosi,17,white,Female,Y,Y,2020-11-11
665,1,dog,Rasia,1,white,Male,Y,N,2021-03-25
666,7,dog,Sunshine,8,brown,Male,N,Y,2021-04-17
667,5,cat,Aida,16,gray,Male,Y,N,2020-10-27
668,8,dog,Hillary,13,spotted,Female,N,Y,2021-07-25
669,7,cat,Kassi,20,black,Female,Y,Y,2020-12-14
670,9,cat,Cheston,20,brown,Male,Y,N,2020-12-26
671,9,cat,Ferdinand,12,brown,Male,N,N,2021-07-29
672,3,cat,Millicent,15,black,Male,Y,N,2021-01-16
673,7,dog,Brietta,11,black,Male,Y,Y,2020-10-22
674,2,dog,Mareah,9,black,Female,Y,Y,2021-07-18
675,8,cat,Clayton,5,white,Female,Y,Y,2021-02-25
676,7,cat,Carlee,5,spotted,Male,Y,Y,2020-11-21
677,9,cat,Viv,2,black,Female,Y,Y,2020-12-20
678,6,dog,Charin,12,red,Male,N,N,2020-09-02
679,7,cat,Wang,12,white,Male,N,N,2020-11-09
680,3,dog,Jemima,10,black,Male,Y,N,2020-10-08
681,1,cat,Roseanne,1,gray,Female,N,N,2020-11-29
682,6,cat,Breena,1,red,Male,Y,Y,2020-11-08
683,3,cat,Odelle,18,gray,Female,N,Y,2021-04-11
684,4,cat,Tracy,4,spotted,Female,Y,Y,2021-01-05
685,9,cat,Felizio,16,gray,Male,Y,N,2020-10-13
686,9,dog,Tilda,20,spotted,Female,N,N,2021-08-17
687,10,cat,Cly,2,brown,Female,N,Y,2021-05-23
688,6,cat,Galina,15,white,Female,N,N,2021-08-07
689,9,cat,Erny,10,white,Female,Y,N,2021-05-23
690,6,cat,Mureil,13,red,Male,N,N,2021-05-04
691,6,cat,Babara,18,black,Female,Y,Y,2020-10-25
692,6,dog,Adelaide,9,spotted,Male,Y,N,2020-12-01
693,1,dog,Torr,10,red,Female,N,N,2021-04-27
694,2,cat,Gene,14,red,Female,Y,N,2021-07-02
695,4,dog,Odie,5,black,Female,N,Y,2020-12-03
696,3,cat,Krissy,2,spotted,Male,Y,N,2020-10-13
697,1,cat,Faith,7,red,Male,N,Y,2021-01-31
698,9,cat,Tootsie,9,spotted,Female,Y,Y,2021-01-22
699,2,cat,Pembroke,9,gray,Female,N,N,2021-05-14
700,5,dog,Jude,15,spotted,Female,Y,Y,2021-02-06
701,9,cat,Vale,19,red,Male,Y,N,2021-03-28
702,6,dog,Theodora,11,red,Male,N,N,2020-12-15
703,5,cat,Alyson,5,brown,Female,Y,N,2020-10-25
704,2,dog,Bondy,2,gray,Male,N,N,2020-11-06
705,7,dog,Bernelle,16,spotted,Female,Y,Y,2021-06-12
706,10,dog,Stanislaw,16,black,Female,N,Y,2021-05-02
707,2,dog,Pandora,3,black,Male,Y,Y,2021-06-09
708,10,cat,Pepito,4,white,Male,N,Y,2021-06-06
709,2,dog,Maury,18,spotted,Male,N,Y,2021-05-22
710,2,dog,Berta,1,spotted,Female,Y,N,2021-01-18
711,9,cat,Min,18,spotted,Female,N,N,2021-07-06
712,6,cat,Coreen,5,white,Female,Y,Y,2021-08-03
713,10,dog,Yuma,19,red,Female,N,Y,2021-03-12
714,10,dog,Jori,17,gray,Female,Y,Y,2020-11-29
715,10,dog,Jessi,4,spotted,Female,N,Y,2020-10-23
716,10,cat,Marlyn,3,spotted,Female,Y,N,2021-01-05
717,6,dog,Imelda,3,white,Female,Y,N,2021-04-28
718,3,dog,Gussie,12,gray,Female,Y,Y,2021-05-20
719,10,cat,Townie,12,black,Male,N,Y,2021-03-01
720,5,cat,May,8,brown,Male,N,Y,2020-12-11
721,7,cat,Nolly,12,gray,Female,Y,N,2021-01-15
722,7,dog,Ivie,2,spotted,Female,N,Y,2021-08-14
723,5,cat,Emmalynne,16,black,Male,Y,Y,2021-06-21
724,8,cat,Dareen,19,spotted,Female,N,Y,2021-05-28
725,9,cat,Gladys,3,white,Female,Y,N,2020-12-19
726,5,cat,Deck,14,black,Male,Y,N,2020-10-13
727,9,cat,Antonio,19,black,Male,Y,N,2021-01-30
728,5,cat,Itch,14,red,Female,N,Y,2021-07-25
729,1,cat,Karlene,19,white,Male,N,Y,2021-03-22
730,2,dog,Joey,7,black,Male,Y,Y,2020-12-05
731,9,cat,Alanna,8,red,Female,Y,Y,2021-06-21
732,8,dog,Kaile,20,red,Male,Y,N,2021-05-29
733,9,dog,Cori,15,white,Female,Y,N,2020-12-06
734,5,dog,Nester,2,gray,Male,Y,Y,2021-03-08
735,8,dog,Leonora,12,black,Male,Y,Y,2021-04-21
736,9,dog,Gisele,1,brown,Female,Y,Y,2021-04-19
737,7,dog,Shaughn,7,red,Female,Y,N,2020-10-22
738,3,cat,Shela,4,spotted,Male,N,Y,2021-07-15
739,10,cat,Addie,18,gray,Male,N,N,2020-12-05
740,9,dog,Jodee,20,brown,Male,Y,Y,2020-09-12
741,9,cat,Milka,19,black,Male,Y,N,2020-12-09
742,6,dog,Renato,15,brown,Female,N,Y,2021-03-02
743,1,dog,Marve,4,red,Male,Y,N,2021-03-23
744,4,dog,Elvina,15,red,Female,Y,N,2021-08-10
745,6,dog,Hersh,12,red,Male,N,N,2021-06-25
746,2,cat,Vassily,17,spotted,Female,N,Y,2021-07-13
747,2,dog,Stewart,4,black,Male,N,N,2020-08-31
748,3,dog,Valina,12,brown,Female,Y,N,2020-10-03
749,1,cat,Rae,10,red,Female,Y,N,2021-03-11
750,4,dog,Arvie,12,red,Male,Y,Y,2021-08-11
751,4,dog,Leicester,14,spotted,Female,N,N,2020-10-06
752,5,dog,Alyse,7,black,Female,Y,N,2020-09-05
753,3,cat,Thorstein,16,spotted,Female,Y,Y,2020-11-06
754,7,dog,Halsy,17,white,Male,N,Y,2021-01-09
755,1,cat,Artemis,16,gray,Female,Y,Y,2021-06-30
756,10,dog,Sid,9,gray,Female,N,N,2021-05-14
757,9,cat,Jacky,17,white,Male,Y,Y,2021-03-14
758,2,cat,Louise,5,white,Male,N,N,2020-12-12
759,9,dog,Chevy,20,black,Female,Y,N,2021-06-04
760,9,cat,Broderic,15,white,Male,N,N,2021-01-02
761,8,cat,Ellery,1,brown,Female,Y,N,2021-05-15
762,6,dog,Aloysia,16,red,Male,N,N,2020-11-08
763,5,dog,Aurthur,19,white,Male,Y,N,2020-09-29
764,3,dog,Michail,1,black,Female,Y,N,2020-08-28
765,5,dog,Rea,6,spotted,Female,Y,Y,2021-05-23
766,6,dog,Daune,2,white,Male,N,N,2021-03-04
767,2,cat,Daffy,13,red,Female,Y,Y,2020-10-10
768,9,dog,Lolly,7,red,Male,Y,Y,2021-01-29
769,7,dog,Alis,15,red,Female,Y,N,2020-11-29
770,2,cat,Ogdan,17,gray,Female,N,Y,2021-02-23
771,5,cat,Kendricks,1,black,Male,N,Y,2020-10-22
772,2,cat,Osbourne,15,spotted,Female,Y,Y,2021-01-11
773,10,dog,Hayley,17,red,Female,N,N,2021-04-29
774,7,cat,Junie,17,black,Female,N,N,2021-03-23
775,8,cat,Becca,4,spotted,Male,Y,Y,2020-11-07
776,10,cat,Molli,16,spotted,Female,N,Y,2020-10-03
777,9,dog,Jessi,6,brown,Male,Y,N,2020-09-10
778,3,dog,Emmet,20,white,Male,Y,N,2021-01-12
779,3,cat,Orv,17,gray,Female,Y,N,2021-04-10
780,7,cat,Chelsey,18,red,Female,Y,Y,2021-06-13
781,1,dog,Kelvin,9,black,Male,N,Y,2020-10-10
782,7,dog,Bonnee,2,brown,Female,Y,N,2020-09-28
783,7,dog,Wilhelm,7,white,Female,Y,N,2021-01-10
784,4,cat,Kenn,1,red,Male,Y,Y,2021-01-31
785,2,dog,Carr,12,red,Female,Y,Y,2020-11-20
786,4,cat,Rutledge,13,white,Female,N,N,2020-11-12
787,9,dog,Rebekah,5,black,Male,N,Y,2021-06-03
788,2,dog,Dori,16,gray,Male,Y,Y,2020-11-15
789,4,dog,Regen,18,brown,Male,N,Y,2021-07-10
790,10,cat,Nickie,7,red,Male,N,Y,2021-05-28
791,10,cat,Merissa,13,brown,Male,N,Y,2021-03-01
792,6,cat,Milt,5,black,Male,Y,N,2021-02-26
793,4,dog,Harlen,18,white,Male,N,N,2021-06-14
794,9,dog,Rhody,3,spotted,Female,Y,N,2021-04-07
795,1,cat,Nester,17,red,Female,Y,Y,2021-01-19
796,2,cat,Rob,20,black,Female,Y,Y,2021-06-05
797,1,dog,Wallache,13,black,Female,N,N,2021-04-09
798,7,cat,Hermine,1,red,Female,Y,Y,2021-07-07
799,8,cat,Sara-ann,12,black,Male,Y,Y,2021-07-24
800,4,cat,Ozzie,7,brown,Female,Y,Y,2021-01-08
801,5,cat,Adelheid,18,red,Male,Y,N,2020-10-11
802,2,dog,Miles,2,spotted,Male,Y,Y,2021-05-30
803,10,dog,Bellina,12,brown,Male,N,Y,2021-01-07
804,7,cat,Emanuel,20,gray,Male,Y,Y,2021-05-23
805,8,dog,Deonne,11,white,Male,Y,N,2020-10-24
806,4,dog,Whitney,9,black,Male,Y,Y,2020-10-29
807,9,dog,Dean,14,black,Male,Y,Y,2020-12-25
808,7,dog,Antonetta,17,brown,Male,Y,Y,2021-05-09
809,5,cat,Michele,9,brown,Male,N,Y,2021-03-09
810,9,dog,Paulie,15,brown,Female,Y,Y,2021-01-11
811,6,dog,Agretha,16,spotted,Male,Y,N,2021-03-17
812,6,cat,Jennifer,5,white,Male,N,Y,2021-08-22
813,7,dog,Grier,4,white,Male,Y,N,2020-12-19
814,3,dog,Marlie,17,spotted,Female,N,N,2021-07-03
815,4,dog,Manfred,5,black,Male,Y,N,2021-03-13
816,1,dog,Ruthann,1,brown,Male,Y,Y,2021-06-28
817,3,dog,Glynn,3,white,Female,Y,N,2020-09-02
818,3,cat,Wallis,12,red,Male,N,Y,2020-10-16
819,2,cat,Vivyan,19,black,Female,N,N,2021-04-28
820,1,cat,Gannon,6,spotted,Male,N,Y,2021-01-10
821,4,dog,Stanfield,14,gray,Male,Y,Y,2021-05-13
822,10,dog,Kirsti,1,gray,Female,Y,N,2020-10-13
823,6,dog,Leonardo,20,spotted,Male,N,Y,2021-01-23
824,8,dog,Babara,18,black,Male,N,Y,2021-05-02
825,6,dog,Laurella,20,gray,Female,Y,N,2021-05-27
826,5,cat,Clerc,8,red,Female,Y,N,2021-06-19
827,8,cat,Natka,14,spotted,Female,N,Y,2021-08-10
828,3,cat,Zahara,1,red,Female,N,Y,2020-10-03
829,2,cat,Colleen,12,red,Female,N,N,2021-06-30
830,4,cat,Nicko,12,gray,Female,N,N,2020-12-19
831,3,dog,Jilli,5,brown,Male,Y,Y,2020-11-15
832,7,dog,Lauree,5,spotted,Female,N,N,2021-06-04
833,5,cat,Susanetta,8,black,Female,N,Y,2021-08-03
834,9,dog,Odelle,9,black,Male,Y,N,2021-01-30
835,7,cat,Trixie,17,gray,Female,Y,Y,2020-12-14
836,2,cat,Drugi,19,red,Male,Y,N,2021-05-10
837,8,cat,Germayne,17,brown,Female,N,Y,2021-05-23
838,10,cat,Shayla,11,brown,Male,Y,Y,2021-03-11
839,3,cat,Kipp,15,spotted,Female,Y,Y,2021-07-20
840,7,dog,Sheri,17,gray,Female,Y,N,2020-09-19
841,2,dog,Lorie,19,brown,Male,N,N,2020-11-28
842,1,dog,Arni,18,gray,Female,Y,Y,2021-06-08
843,4,cat,Ozzie,18,brown,Female,Y,Y,2021-06-05
844,4,cat,Kathi,11,brown,Male,Y,Y,2021-04-25
845,6,cat,Davie,18,black,Male,N,Y,2020-12-03
846,5,cat,Ewen,9,red,Male,N,N,2021-01-06
847,4,cat,Ester,20,black,Female,Y,N,2020-09-05
848,4,cat,Fernando,4,red,Female,N,Y,2021-07-06
849,6,dog,Dallis,4,brown,Male,Y,N,2020-11-19
850,7,dog,Tome,3,black,Female,N,Y,2021-05-18
851,6,cat,Loni,8,brown,Male,Y,N,2021-06-08
852,6,cat,Nollie,8,gray,Male,N,Y,2020-12-15
853,6,cat,Glynnis,7,gray,Female,N,Y,2021-03-02
854,3,cat,Christel,12,white,Male,N,N,2021-03-16
855,4,dog,Giulia,7,red,Male,Y,Y,2021-02-02
856,8,dog,Avril,8,white,Female,Y,Y,2021-03-10
857,2,cat,Eziechiele,9,white,Female,Y,N,2021-04-17
858,5,cat,Cart,16,spotted,Male,N,Y,2021-01-09
859,3,cat,Gillian,14,red,Female,N,N,2021-01-14
860,10,cat,Kasper,6,brown,Male,N,Y,2020-12-12
861,6,dog,Merrielle,13,white,Female,Y,N,2021-07-27
862,6,dog,Fredia,18,white,Male,N,Y,2021-07-15
863,4,cat,Ashely,6,brown,Male,Y,N,2021-06-24
864,2,cat,Ange,18,spotted,Female,N,Y,2020-10-30
865,9,dog,Peg,20,brown,Female,N,N,2021-02-03
866,4,dog,Becki,14,black,Male,N,Y,2021-03-22
867,6,dog,Irvin,12,red,Female,Y,Y,2021-03-03
868,8,cat,Brendin,8,brown,Male,Y,N,2020-10-27
869,10,dog,Averill,6,brown,Male,Y,N,2021-06-01
870,6,cat,Alika,8,black,Female,N,N,2021-01-30
871,6,dog,Missie,4,red,Male,N,Y,2021-07-10
872,3,dog,Annabela,12,gray,Female,N,Y,2020-10-06
873,6,cat,Jobie,20,black,Female,Y,N,2021-08-11
874,3,dog,Violetta,6,black,Male,Y,Y,2021-03-23
875,4,dog,Lyon,18,red,Female,Y,N,2021-02-22
876,8,cat,Ilario,1,brown,Male,N,N,2021-07-03
877,2,dog,Derk,20,black,Male,N,Y,2020-10-10
878,10,dog,Langsdon,10,gray,Male,Y,N,2021-02-21
879,3,cat,Lind,13,red,Female,Y,N,2021-02-27
880,8,cat,Justina,19,gray,Female,N,Y,2021-07-25
881,7,cat,Aloisia,4,black,Male,Y,N,2021-01-18
882,9,cat,Rudolph,12,white,Male,Y,N,2021-06-04
883,8,dog,Aimil,20,spotted,Male,Y,N,2021-05-15
884,10,cat,Maurise,3,black,Male,N,N,2020-11-30
885,2,dog,Wakefield,13,black,Female,Y,Y,2021-05-26
886,3,cat,Vicky,17,brown,Female,Y,Y,2021-07-01
887,6,dog,Lissy,10,brown,Male,Y,N,2021-07-05
888,10,dog,Hodge,2,white,Female,N,N,2021-07-22
889,2,dog,Charlena,12,brown,Male,Y,Y,2020-11-05
890,1,dog,Erich,17,white,Female,Y,N,2021-03-29
891,3,dog,Susette,11,gray,Male,Y,Y,2020-10-14
892,7,dog,Marylinda,12,white,Male,Y,N,2021-05-29
893,2,cat,Rainer,20,black,Male,Y,N,2021-03-31
894,5,dog,Shir,13,white,Male,N,N,2020-09-04
895,7,dog,Phedra,13,black,Male,N,Y,2021-06-09
896,9,cat,Kipp,18,spotted,Male,N,N,2021-01-10
897,9,dog,Curt,1,red,Female,N,N,2021-04-23
898,4,dog,Randolph,14,brown,Male,Y,N,2021-03-18
899,8,dog,Mari,6,spotted,Female,Y,Y,2021-07-05
900,9,dog,Humbert,13,red,Female,Y,Y,2021-01-30
901,1,cat,Luci,20,black,Male,Y,Y,2020-10-24
902,10,dog,Rolfe,2,gray,Female,N,Y,2020-10-11
903,4,cat,Alexis,3,red,Male,N,N,2021-01-12
904,4,cat,Costanza,1,gray,Male,N,Y,2020-11-19
905,3,dog,Farlie,10,red,Female,N,Y,2021-04-04
906,5,cat,Mile,20,black,Male,Y,Y,2020-10-30
907,7,cat,Richardo,4,brown,Male,N,Y,2020-11-16
908,3,cat,Fayth,4,red,Female,N,Y,2020-10-30
909,10,dog,Felipe,8,red,Female,Y,N,2020-12-13
910,1,dog,Carol-jean,12,red,Female,Y,Y,2021-05-12
911,10,dog,Cyndi,19,black,Male,Y,N,2021-05-15
912,7,dog,Delinda,3,spotted,Male,Y,N,2020-08-26
913,8,cat,Haskel,16,brown,Male,N,Y,2020-11-10
914,9,dog,Bel,5,white,Male,N,Y,2020-10-14
915,5,cat,Edlin,13,brown,Male,N,N,2020-08-26
916,9,cat,Mike,18,spotted,Male,Y,Y,2021-06-12
917,9,dog,Cariotta,3,spotted,Male,N,N,2021-05-23
918,7,dog,Clayton,6,red,Male,Y,Y,2021-05-17
919,1,cat,Reyna,12,white,Female,N,Y,2021-03-16
920,1,cat,Peirce,5,red,Male,Y,Y,2020-09-21
921,7,cat,Robenia,6,gray,Male,N,N,2021-06-27
922,7,dog,Bria,20,black,Male,N,N,2020-10-28
923,1,cat,Allegra,11,spotted,Male,N,N,2021-05-23
924,3,dog,Arlyn,11,spotted,Male,Y,Y,2020-12-30
925,3,cat,Quinta,4,spotted,Female,N,N,2021-04-14
926,3,cat,Levi,14,gray,Male,Y,N,2020-10-27
927,4,cat,Sofie,19,black,Male,Y,Y,2020-10-24
928,8,cat,Zed,13,gray,Male,Y,N,2020-10-15
929,9,dog,Dav,18,red,Female,Y,N,2020-10-05
930,5,cat,Evania,9,white,Female,Y,N,2021-02-10
931,7,cat,Hagen,9,black,Female,N,N,2021-06-15
932,8,dog,Alexander,15,brown,Male,N,Y,2021-05-16
933,1,cat,Mano,12,white,Male,Y,N,2020-11-23
934,2,cat,Sidney,2,gray,Female,Y,Y,2021-06-05
935,1,dog,Burl,5,red,Female,Y,N,2021-03-08
936,5,cat,Elihu,1,black,Female,N,N,2020-09-24
937,2,dog,Chrystal,7,brown,Female,Y,Y,2020-10-01
938,9,cat,Jo,5,red,Male,Y,N,2020-09-22
939,2,cat,Hubey,3,gray,Female,Y,Y,2020-11-23
940,9,cat,Karel,9,black,Female,Y,N,2021-04-15
941,6,dog,Netty,13,black,Male,Y,Y,2021-06-12
942,2,cat,Chevy,14,brown,Female,Y,N,2021-03-23
943,5,cat,Stuart,14,gray,Male,Y,Y,2020-12-17
944,8,dog,Mace,10,brown,Female,N,N,2021-08-19
945,3,cat,Bobina,13,gray,Male,N,N,2021-05-05
946,8,cat,Mylo,10,black,Female,N,N,2021-03-22
947,7,cat,Fabien,8,white,Female,N,N,2021-05-24
948,10,dog,Zaneta,2,black,Male,Y,N,2021-01-17
949,9,dog,Inesita,12,spotted,Male,Y,Y,2021-04-24
950,2,dog,Amata,1,red,Female,Y,Y,2020-11-15
951,10,dog,Edwin,5,red,Male,N,N,2021-02-04
952,9,cat,Brendis,9,brown,Male,Y,Y,2021-05-02
953,7,cat,Marlene,8,black,Male,N,N,2020-09-07
954,2,cat,Kinna,12,spotted,Female,Y,Y,2021-03-07
955,6,dog,Darby,12,gray,Female,Y,Y,2021-05-18
956,8,cat,Augustus,9,brown,Male,Y,Y,2020-09-21
957,2,dog,Kenton,17,red,Male,N,Y,2021-01-24
958,8,cat,Sholom,12,black,Male,N,N,2020-10-31
959,3,cat,Rosie,13,white,Male,Y,N,2021-01-10
960,1,cat,Ninnetta,17,spotted,Female,N,N,2021-03-22
961,8,cat,Orbadiah,15,red,Male,Y,N,2020-12-15
962,3,dog,Bengt,19,brown,Male,Y,N,2021-05-20
963,2,dog,Klarrisa,16,white,Male,N,N,2020-11-02
964,8,dog,Ceil,19,white,Female,Y,N,2020-11-05
965,10,dog,Aldon,15,brown,Male,Y,Y,2020-12-14
966,7,cat,Shara,3,spotted,Female,N,Y,2021-05-15
967,8,cat,Grazia,4,white,Female,N,Y,2020-12-28
968,4,dog,Leonie,3,black,Female,Y,N,2021-05-28
969,5,cat,Sammy,13,spotted,Male,Y,N,2021-08-02
970,6,cat,Dalila,8,spotted,Female,N,Y,2021-07-01
971,10,cat,Constantine,13,brown,Female,Y,N,2020-11-25
972,3,dog,Mariann,16,gray,Male,Y,N,2021-02-05
973,6,cat,Madel,8,spotted,Male,N,Y,2021-04-02
974,7,cat,Ronnie,4,gray,Female,Y,N,2021-08-09
975,3,cat,Stephenie,6,gray,Female,N,N,2021-01-22
976,10,dog,Erna,2,black,Female,Y,Y,2021-02-03
977,8,dog,Wes,12,spotted,Female,N,N,2021-06-02
978,7,dog,Jone,18,spotted,Male,Y,N,2020-09-24
979,7,cat,Eddy,16,white,Female,Y,N,2021-02-20
980,10,dog,Bale,19,spotted,Male,N,N,2020-11-15
981,6,cat,Alvera,6,brown,Male,N,N,2020-12-15
982,6,cat,Esther,7,spotted,Female,Y,N,2021-07-17
983,8,cat,Trenton,17,spotted,Male,N,N,2021-02-13
984,8,cat,Neall,19,red,Male,N,Y,2020-10-13
985,8,dog,Kingsly,5,spotted,Male,N,Y,2020-10-17
986,8,cat,Riane,9,spotted,Female,Y,Y,2021-02-23
987,5,cat,Reinald,5,gray,Male,N,Y,2021-03-16
988,3,dog,Henderson,16,spotted,Female,Y,Y,2021-01-20
989,4,dog,Graeme,8,red,Male,Y,N,2021-06-22
990,9,cat,Susanne,12,gray,Female,N,Y,2020-12-25
991,3,dog,Kaylil,4,red,Female,N,N,2021-08-09
992,8,cat,Henrie,14,brown,Female,N,N,2021-07-26
993,5,cat,Gipsy,6,red,Male,Y,N,2021-05-19
994,4,dog,Chrysler,15,white,Female,Y,N,2020-09-15
995,3,cat,Mortie,7,brown,Male,Y,Y,2021-01-16
996,7,cat,Thibaut,15,brown,Female,Y,N,2020-09-04
997,10,cat,Clayborne,14,gray,Male,Y,Y,2020-12-17
998,2,dog,Annabell,13,red,Male,N,Y,2020-12-29
999,8,dog,Denna,10,black,Female,N,N,2020-12-21
1000,4,cat,Birdie,2,gray,Female,Y,Y,2021-08-18
