volunteer_id,location_id,first_name,last_name,phone_number,email,foster_dogs,foster_cats,current_foster_pets
1,3,Carolin,Alfuso,3842470261,calfuso0@fema.gov,Y,N,1
2,6,Pru,Ayers,9895814724,payers1@netlog.com,N,N,1
3,8,Corena,Bloxholm,8732518973,cbloxholm2@technorati.com,N,N,2
4,10,Ferris,Glendinning,2721416884,fglendinning3@apache.org,N,Y,5
5,9,Kendre,Pavier,4378785144,kpavier4@webeden.co.uk,Y,N,2
6,4,Fulvia,Beggin,2274500119,fbeggin5@google.com,Y,N,3
7,5,Chad,Spenceley,1754271098,cspenceley6@shutterfly.com,Y,Y,4
8,4,Marmaduke,Willan,3345257312,mwillan7@indiatimes.com,Y,N,4
9,2,Ahmad,Buckhurst,6059517876,abuckhurst8@forbes.com,Y,Y,1
10,3,Billy,Macak,8633957589,bmacak9@skype.com,N,Y,5
11,4,Millicent,Flegg,3743670850,mflegga@goo.gl,Y,N,1
12,6,Teresita,Zini,8317506512,tzinib@yahoo.co.jp,Y,N,2
13,1,Petrina,De Goey,9679937523,pdegoeyc@exblog.jp,Y,N,2
14,5,Gerald,Kreber,7277443122,gkreberd@wsj.com,Y,N,1
15,2,Davie,O'Lunney,9808114217,dolunneye@telegraph.co.uk,N,Y,5
16,8,Clint,Yoxen,6686388191,cyoxenf@latimes.com,Y,Y,3
17,1,Ettie,Dorricott,9356824266,edorricottg@howstuffworks.com,N,Y,2
18,2,Tait,Duhig,6978779529,tduhigh@ca.gov,N,Y,3
19,10,Denny,Martinuzzi,3179976143,dmartinuzzii@wisc.edu,Y,N,1
20,2,Jory,Abbie,7412341510,jabbiej@ted.com,N,N,1
21,7,Floria,Tansley,7985590634,ftansleyk@sourceforge.net,N,Y,2
22,10,Allison,Traite,9377037598,atraitel@unesco.org,Y,Y,4
23,4,Fawne,Jopling,6269204811,fjoplingm@ftc.gov,N,N,3
24,5,Nicholas,Crowter,4594100427,ncrowtern@cam.ac.uk,N,Y,5
25,8,Almeria,Prew,5168402637,aprewo@umich.edu,N,N,1
26,8,Lethia,Gumary,6905039185,lgumaryp@go.com,Y,N,5
27,7,Leonelle,Alesbrook,6024280571,lalesbrookq@state.gov,Y,N,2
28,5,Stanton,Culpin,8833279896,sculpinr@ameblo.jp,N,N,3
29,10,Athena,Karel,6335424576,akarels@dot.gov,Y,N,1
30,7,Ros,Munks,5662029628,rmunkst@omniture.com,Y,Y,5
31,6,Ambrose,Lossman,7082741134,alossmanu@columbia.edu,N,Y,3
32,3,Monro,Spillane,2378017666,mspillanev@people.com.cn,Y,N,1
33,4,Berget,Stihl,7034669242,bstihlw@scientificamerican.com,N,N,5
34,5,Nissie,Demangeot,7242403430,ndemangeotx@tinypic.com,Y,Y,5
35,6,Eada,Glayzer,4505854442,eglayzery@vistaprint.com,Y,Y,3
36,8,York,Brewse,6637627960,ybrewsez@blogtalkradio.com,Y,Y,3
37,5,Ezequiel,Lackie,9673598932,elackie10@barnesandnoble.com,N,Y,5
38,6,Lana,Crallan,4094468500,lcrallan11@google.com.hk,N,Y,1
39,7,Chickie,Braybrooke,7891804896,cbraybrooke12@baidu.com,N,N,5
40,9,Andrey,Lesek,4095819419,alesek13@furl.net,N,Y,5
41,10,Chevy,MacIver,2031601778,cmaciver14@aboutads.info,N,N,5
42,10,Wayne,Budge,7348215530,wbudge15@geocities.jp,N,N,1
43,5,Annamarie,Cardo,4551652848,acardo16@tuttocitta.it,Y,N,1
44,8,Linnell,Nurcombe,7088661482,lnurcombe17@blogtalkradio.com,N,Y,5
45,9,Barn,Ketteman,2282960357,bketteman18@forbes.com,Y,N,5
46,2,Colene,Payle,4323018877,cpayle19@twitter.com,Y,Y,5
47,9,Morris,Maryon,2445133963,mmaryon1a@timesonline.co.uk,N,N,4
48,7,Waneta,Wolton,3168917002,wwolton1b@cbc.ca,N,N,3
49,9,Edithe,Gutowski,4546470064,egutowski1c@google.fr,N,N,4
50,9,Elfrieda,Harly,8567710459,eharly1d@drupal.org,Y,Y,4
51,6,Letty,Ginni,4211553945,lginni1e@privacy.gov.au,N,N,3
52,4,Teddy,Bletsor,2989841894,tbletsor1f@odnoklassniki.ru,N,N,4
53,8,Son,Eddisford,5495280177,seddisford1g@yahoo.com,N,Y,4
54,9,Horatius,Cunniam,8316704616,hcunniam1h@admin.ch,Y,Y,1
55,2,Kathi,Duffer,1718180837,kduffer1i@123-reg.co.uk,Y,Y,2
56,6,Davida,Wayland,5659676256,dwayland1j@slashdot.org,Y,N,2
57,3,Tiffie,Josefsohn,8396035330,tjosefsohn1k@mayoclinic.com,Y,Y,3
58,6,Borg,Maysor,1068528111,bmaysor1l@netvibes.com,Y,Y,3
59,4,Packston,Beggin,9829837692,pbeggin1m@myspace.com,N,N,1
60,2,Jonie,Saffon,5514381328,jsaffon1n@youtube.com,Y,Y,5
61,3,Lib,Drissell,7751268654,ldrissell1o@disqus.com,N,Y,5
62,4,Nil,Showen,7149060707,nshowen1p@sciencedirect.com,Y,N,3
63,8,Bertrando,Parke,7035308821,bparke1q@pbs.org,N,Y,2
64,4,Lamar,Brotherhed,3269328313,lbrotherhed1r@aol.com,N,Y,5
65,3,Korey,Wimbury,4596444711,kwimbury1s@parallels.com,Y,N,1
66,2,Ardelis,Colt,3958766396,acolt1t@cmu.edu,N,N,5
67,8,Jobye,Chiplin,9453119003,jchiplin1u@yale.edu,N,Y,5
68,7,Osbourne,Jillis,6929446624,ojillis1v@sogou.com,N,N,1
69,4,Kelley,Schieferstein,2675995419,kschieferstein1w@gravatar.com,N,Y,3
70,9,Marleen,Surgen,1372997807,msurgen1x@slate.com,Y,N,4
71,9,Jolyn,Maas,6431518598,jmaas1y@exblog.jp,Y,N,1
72,9,Marijo,Spellman,7901906246,mspellman1z@geocities.jp,N,Y,3
73,2,Tallulah,Baldacchino,5165577050,tbaldacchino20@rambler.ru,N,N,3
74,2,Beltran,Theurer,2378900592,btheurer21@4shared.com,N,Y,3
75,10,Etty,Pask,4859092533,epask22@wordpress.com,Y,Y,5
76,4,Borden,Ruffy,7813189898,bruffy23@wisc.edu,Y,Y,5
77,3,Ezechiel,Harbour,2064290267,eharbour24@cnn.com,N,N,5
78,4,Guenevere,De Blasi,5582894651,gdeblasi25@walmart.com,N,N,2
79,6,Wanda,Delatour,9995294634,wdelatour26@baidu.com,Y,N,5
80,4,Francyne,Mullins,9642012947,fmullins27@columbia.edu,N,N,5
81,6,Willa,Benoy,1354401959,wbenoy28@devhub.com,N,Y,3
82,8,Fredericka,Hullah,8887225121,fhullah29@skype.com,Y,Y,5
83,10,Berna,Lucian,1277504552,blucian2a@blinklist.com,Y,Y,5
84,5,Veronique,Wiseman,8922643828,vwiseman2b@elpais.com,Y,Y,3
85,6,Morgana,Fassbindler,1549969013,mfassbindler2c@flickr.com,Y,N,4
86,3,Angelika,Pickersgill,6626526857,apickersgill2d@psu.edu,Y,N,3
87,5,Noami,Mauchlen,2787687194,nmauchlen2e@list-manage.com,N,N,2
88,2,Paco,Norcop,3493795086,pnorcop2f@shop-pro.jp,Y,N,5
89,10,Rainer,Brinsden,3537826817,rbrinsden2g@ask.com,Y,N,5
90,9,Abram,Saiens,5754192337,asaiens2h@amazon.co.uk,N,Y,1
91,5,Gwenni,Conti,4387706834,gconti2i@hc360.com,N,N,2
92,9,Wade,Frayn,2529395030,wfrayn2j@yandex.ru,Y,Y,1
93,10,Charmion,Pumphrey,6239307784,cpumphrey2k@ehow.com,N,N,3
94,6,Shelia,Sign,3784535911,ssign2l@a8.net,Y,Y,4
95,5,Brennen,Doring,7787922666,bdoring2m@mysql.com,Y,Y,2
96,7,Kristofer,Aggas,2966027538,kaggas2n@dropbox.com,Y,Y,2
97,1,Enrique,MacMillan,9373564283,emacmillan2o@hc360.com,Y,Y,2
98,10,Austen,Reany,5368421500,areany2p@upenn.edu,Y,Y,2
99,6,Janet,Hebditch,1946511149,jhebditch2q@t.co,N,Y,3
100,6,Gayler,Morrison,5422549631,gmorrison2r@myspace.com,N,Y,4
